"";BBSIS.M.I.UMR.RD.EUR.S1311.B.A604.R0815.R.A.A._Z._Z.A;BBSIS.M.I.UMR.RD.EUR.S1311.B.A604.R0815.R.A.A._Z._Z.A_FLAGS
"";Umlaufsrenditen inländischer Inhaberschuldverschreibungen / Börsennotierte Bundeswertpapiere / RLZ von über 8 bis 15 Jahren / Monatswerte (frühere Kennung: WU9554);
Dezimalstellen;2;
Dimension;Eins;
Einheit;Prozent;
Format der Zeitangabe;P1M;
Kategorie;ZRWR;
Kommentar;Anpassung des Kreises der einbezogenen Papiere zum 01.05.2020.;
Stand vom;01.10.2025 11:13:42 Uhr;
1988-01;6,51;
1988-02;6,31;
1988-03;6,21;
1988-04;6,30;
1988-05;6,60;
1988-06;6,59;
1988-07;6,76;
1988-08;6,83;
1988-09;6,62;
1988-10;6,44;
1988-11;6,39;
1988-12;6,55;
1989-01;6,68;
1989-02;6,88;
1989-03;6,96;
1989-04;6,92;
1989-05;7,05;
1989-06;6,89;
1989-07;6,76;
1989-08;6,79;
1989-09;6,99;
1989-10;7,13;
1989-11;7,46;
1989-12;7,43;
1990-01;7,83;
1990-02;8,64;
1990-03;8,85;
1990-04;8,80;
1990-05;8,82;
1990-06;8,91;
1990-07;8,64;
1990-08;8,97;
1990-09;9,13;
1990-10;9,09;
1990-11;8,98;
1990-12;8,83;
1991-01;8,94;
1991-02;8,44;
1991-03;8,44;
1991-04;8,38;
1991-05;8,39;
1991-06;8,39;
1991-07;8,63;
1991-08;8,58;
1991-09;8,46;
1991-10;8,36;
1991-11;8,36;
1991-12;8,30;
1992-01;8,00;
1992-02;7,96;
1992-03;8,02;
1992-04;8,06;
1992-05;8,11;
1992-06;8,11;
1992-07;8,17;
1992-08;8,19;
1992-09;7,86;
1992-10;7,51;
1992-11;7,45;
1992-12;7,41;
1993-01;7,15;
1993-02;6,97;
1993-03;6,68;
1993-04;6,73;
1993-05;6,86;
1993-06;6,84;
1993-07;6,66;
1993-08;6,42;
1993-09;6,23;
1993-10;6,04;
1993-11;6,00;
1993-12;5,88;
1994-01;5,85;
1994-02;6,11;
1994-03;6,46;
1994-04;6,58;
1994-05;6,78;
1994-06;7,15;
1994-07;7,00;
1994-08;7,20;
1994-09;7,59;
1994-10;7,60;
1994-11;7,56;
1994-12;7,54;
1995-01;7,65;
1995-02;7,47;
1995-03;7,30;
1995-04;7,12;
1995-05;6,88;
1995-06;6,82;
1995-07;6,90;
1995-08;6,78;
1995-09;6,61;
1995-10;6,58;
1995-11;6,35;
1995-12;6,09;
1996-01;5,87;
1996-02;6,22;
1996-03;6,43;
1996-04;6,34;
1996-05;6,39;
1996-06;6,50;
1996-07;6,45;
1996-08;6,27;
1996-09;6,19;
1996-10;5,96;
1996-11;5,83;
1996-12;5,76;
1997-01;5,76;
1997-02;5,48;
1997-03;5,67;
1997-04;5,80;
1997-05;5,69;
1997-06;5,66;
1997-07;5,48;
1997-08;5,59;
1997-09;5,52;
1997-10;5,54;
1997-11;5,53;
1997-12;5,30;
1998-01;5,08;
1998-02;4,96;
1998-03;4,88;
1998-04;4,90;
1998-05;4,96;
1998-06;4,79;
1998-07;4,70;
1998-08;4,43;
1998-09;4,09;
1998-10;4,12;
1998-11;4,14;
1998-12;3,88;
1999-01;3,71;
1999-02;3,85;
1999-03;4,04;
1999-04;3,84;
1999-05;3,99;
1999-06;4,34;
1999-07;4,68;
1999-08;4,88;
1999-09;5,05;
1999-10;5,30;
1999-11;5,04;
1999-12;5,14;
2000-01;5,53;
2000-02;5,51;
2000-03;5,33;
2000-04;5,22;
2000-05;5,39;
2000-06;5,20;
2000-07;5,29;
2000-08;5,23;
2000-09;5,28;
2000-10;5,22;
2000-11;5,16;
2000-12;4,90;
2001-01;4,79;
2001-02;4,77;
2001-03;4,67;
2001-04;4,82;
2001-05;5,04;
2001-06;5,00;
2001-07;5,01;
2001-08;4,82;
2001-09;4,81;
2001-10;4,59;
2001-11;4,45;
2001-12;4,74;
2002-01;4,86;
2002-02;4,92;
2002-03;5,16;
2002-04;5,16;
2002-05;5,17;
2002-06;5,02;
2002-07;4,86;
2002-08;4,58;
2002-09;4,37;
2002-10;4,44;
2002-11;4,45;
2002-12;4,30;
2003-01;4,14;
2003-02;3,92;
2003-03;3,96;
2003-04;4,10;
2003-05;3,77;
2003-06;3,57;
2003-07;3,91;
2003-08;4,09;
2003-09;4,12;
2003-10;4,17;
2003-11;4,31;
2003-12;4,25;
2004-01;4,12;
2004-02;4,05;
2004-03;3,86;
2004-04;4,05;
2004-05;4,21;
2004-06;4,26;
2004-07;4,19;
2004-08;4,03;
2004-09;3,97;
2004-10;3,85;
2004-11;3,74;
2004-12;3,54;
2005-01;3,51;
2005-02;3,50;
2005-03;3,65;
2005-04;3,44;
2005-05;3,26;
2005-06;3,09;
2005-07;3,16;
2005-08;3,18;
2005-09;3,02;
2005-10;3,20;
2005-11;3,42;
2005-12;3,31;
2006-01;3,30;
2006-02;3,45;
2006-03;3,62;
2006-04;3,88;
2006-05;3,94;
2006-06;3,94;
2006-07;3,99;
2006-08;3,86;
2006-09;3,74;
2006-10;3,77;
2006-11;3,70;
2006-12;3,77;
2007-01;4,01;
2007-02;4,04;
2007-03;3,93;
2007-04;4,15;
2007-05;4,27;
2007-06;4,56;
2007-07;4,51;
2007-08;4,29;
2007-09;4,21;
2007-10;4,28;
2007-11;4,08;
2007-12;4,20;
2008-01;4,00;
2008-02;3,92;
2008-03;3,78;
2008-04;4,04;
2008-05;4,21;
2008-06;4,53;
2008-07;4,49;
2008-08;4,19;
2008-09;4,08;
2008-10;3,88;
2008-11;3,54;
2008-12;3,04;
2009-01;3,14;
2009-02;3,18;
2009-03;3,09;
2009-04;3,20;
2009-05;3,43;
2009-06;3,53;
2009-07;3,38;
2009-08;3,33;
2009-09;3,29;
2009-10;3,24;
2009-11;3,24;
2009-12;3,16;
2010-01;3,27;
2010-02;3,17;
2010-03;3,10;
2010-04;3,05;
2010-05;2,72;
2010-06;2,53;
2010-07;2,59;
2010-08;2,34;
2010-09;2,27;
2010-10;2,33;
2010-11;2,52;
2010-12;2,90;
2011-01;3,01;
2011-02;3,19;
2011-03;3,21;
2011-04;3,34;
2011-05;3,05;
2011-06;2,88;
2011-07;2,74;
2011-08;2,21;
2011-09;1,79;
2011-10;1,96;
2011-11;1,83;
2011-12;1,89;
2012-01;1,77;
2012-02;1,79;
2012-03;1,77;
2012-04;1,57;
2012-05;1,29;
2012-06;1,27;
2012-07;1,26;
2012-08;1,35;
2012-09;1,48;
2012-10;1,45;
2012-11;1,33;
2012-12;1,29;
2013-01;1,58;
2013-02;1,59;
2013-03;1,40;
2013-04;1,24;
2013-05;1,33;
2013-06;1,54;
2013-07;1,64;
2013-08;1,81;
2013-09;1,96;
2013-10;1,83;
2013-11;1,75;
2013-12;1,87;
2014-01;1,87;
2014-02;1,65;
2014-03;1,59;
2014-04;1,54;
2014-05;1,39;
2014-06;1,31;
2014-07;1,21;
2014-08;1,03;
2014-09;1,01;
2014-10;0,86;
2014-11;0,79;
2014-12;0,65;
2015-01;0,43;
2015-02;0,34;
2015-03;0,25;
2015-04;0,14;
2015-05;0,60;
2015-06;0,84;
2015-07;0,75;
2015-08;0,63;
2015-09;0,65;
2015-10;0,52;
2015-11;0,52;
2015-12;0,56;
2016-01;0,53;
2016-02;0,25;
2016-03;0,22;
2016-04;0,17;
2016-05;0,19;
2016-06;0,01;
2016-07;-0,13;
2016-08;-0,13;
2016-09;-0,09;
2016-10;0,00;
2016-11;0,22;
2016-12;0,30;
2017-01;0,31;
2017-02;0,31;
2017-03;0,36;
2017-04;0,24;
2017-05;0,36;
2017-06;0,29;
2017-07;0,49;
2017-08;0,38;
2017-09;0,37;
2017-10;0,40;
2017-11;0,34;
2017-12;0,33;
2018-01;0,49;
2018-02;0,69;
2018-03;0,55;
2018-04;0,50;
2018-05;0,47;
2018-06;0,35;
2018-07;0,27;
2018-08;0,29;
2018-09;0,36;
2018-10;0,39;
2018-11;0,30;
2018-12;0,18;
2019-01;0,11;
2019-02;0,03;
2019-03;-0,03;
2019-04;-0,08;
2019-05;-0,17;
2019-06;-0,34;
2019-07;-0,37;
2019-08;-0,64;
2019-09;-0,60;
2019-10;-0,47;
2019-11;-0,35;
2019-12;-0,30;
2020-01;-0,29;
2020-02;-0,45;
2020-03;-0,54;
2020-04;-0,44;
2020-05;-0,50;
2020-06;-0,42;
2020-07;-0,49;
2020-08;-0,49;
2020-09;-0,50;
2020-10;-0,58;
2020-11;-0,58;
2020-12;-0,58;
2021-01;-0,56;
2021-02;-0,41;
2021-03;-0,32;
2021-04;-0,29;
2021-05;-0,18;
2021-06;-0,24;
2021-07;-0,40;
2021-08;-0,50;
2021-09;-0,33;
2021-10;-0,18;
2021-11;-0,30;
2021-12;-0,37;
2022-01;-0,11;
2022-02;0,15;
2022-03;0,29;
2022-04;0,76;
2022-05;0,99;
2022-06;1,49;
2022-07;1,15;
2022-08;1,07;
2022-09;1,81;
2022-10;2,22;
2022-11;2,09;
2022-12;2,10;
2023-01;2,22;
2023-02;2,39;
2023-03;2,41;
2023-04;2,39;
2023-05;2,39;
2023-06;2,42;
2023-07;2,49;
2023-08;2,59;
2023-09;2,71;
2023-10;2,89;
2023-11;2,67;
2023-12;2,16;
2024-01;2,24;
2024-02;2,38;
2024-03;2,38;
2024-04;2,48;
2024-05;2,55;
2024-06;2,52;
2024-07;2,50;
2024-08;2,26;
2024-09;2,22;
2024-10;2,28;
2024-11;2,35;
2024-12;2,23;
2025-01;2,53;
2025-02;2,46;
2025-03;2,80;
2025-04;2,57;
2025-05;2,62;
2025-06;2,57;
2025-07;2,69;
2025-08;2,74;
2025-09;2,76;
