"";BBSIS.M.I.UMR.RD.EUR.X2000.B.A.A.R.A.A._Z._Z.A;BBSIS.M.I.UMR.RD.EUR.X2000.B.A.A.R.A.A._Z._Z.A_FLAGS
"";Umlaufsrenditen inländischer Inhaberschuldverschreibungen / Anleihen von Unternehmen (Nicht-MFIs) / Monatswerte;
Dezimalstellen;2;
Dimension;Eins;
Einheit;Prozent;
Format der Zeitangabe;P1M;
Kategorie;ZRWR;
Kommentar;Anpassung des Kreises der einbezogenen Papiere zum 01.05.2020.;
Stand vom;01.10.2025 11:13:43 Uhr;
1957-01;8,10;
1957-02;8,10;
1957-03;8,10;
1957-04;8,00;
1957-05;8,00;
1957-06;8,00;
1957-07;7,90;
1957-08;7,80;
1957-09;7,70;
1957-10;7,80;
1957-11;7,80;
1957-12;7,80;
1958-01;7,60;
1958-02;7,50;
1958-03;7,30;
1958-04;7,20;
1958-05;7,20;
1958-06;7,10;
1958-07;6,70;
1958-08;6,50;
1958-09;6,30;
1958-10;6,20;
1958-11;6,00;
1958-12;6,00;
1959-01;5,70;
1959-02;5,70;
1959-03;5,80;
1959-04;5,80;
1959-05;5,90;
1959-06;5,90;
1959-07;5,70;
1959-08;5,60;
1959-09;5,80;
1959-10;5,90;
1959-11;5,90;
1959-12;6,20;
1960-01;6,50;
1960-02;6,20;
1960-03;6,10;
1960-04;6,00;
1960-05;6,20;
1960-06;6,50;
1960-07;6,50;
1960-08;6,20;
1960-09;6,30;
1960-10;6,10;
1960-11;6,00;
1960-12;6,10;
1961-01;5,80;
1961-02;5,70;
1961-03;5,80;
1961-04;5,70;
1961-05;5,60;
1961-06;5,60;
1961-07;5,80;
1961-08;6,00;
1961-09;6,30;
1961-10;6,10;
1961-11;6,10;
1961-12;6,20;
1962-01;5,90;
1962-02;5,80;
1962-03;5,70;
1962-04;5,70;
1962-05;5,80;
1962-06;6,10;
1962-07;6,00;
1962-08;6,10;
1962-09;6,10;
1962-10;6,30;
1962-11;6,40;
1962-12;6,30;
1963-01;6,10;
1963-02;6,00;
1963-03;6,00;
1963-04;6,00;
1963-05;6,10;
1963-06;6,10;
1963-07;6,10;
1963-08;6,10;
1963-09;6,00;
1963-10;5,90;
1963-11;5,90;
1963-12;6,00;
1964-01;5,90;
1964-02;5,90;
1964-03;6,00;
1964-04;6,20;
1964-05;6,30;
1964-06;6,40;
1964-07;6,30;
1964-08;6,30;
1964-09;6,30;
1964-10;6,30;
1964-11;6,30;
1964-12;6,30;
1965-01;6,30;
1965-02;6,40;
1965-03;6,50;
1965-04;6,60;
1965-05;6,90;
1965-06;7,00;
1965-07;7,10;
1965-08;7,20;
1965-09;7,30;
1965-10;7,30;
1965-11;7,40;
1965-12;7,60;
1966-01;7,50;
1966-02;7,50;
1966-03;7,60;
1966-04;7,90;
1966-05;8,00;
1966-06;8,20;
1966-07;8,30;
1966-08;8,20;
1966-09;8,20;
1966-10;8,10;
1966-11;8,10;
1966-12;7,80;
1967-01;7,60;
1967-02;7,50;
1967-03;7,40;
1967-04;7,10;
1967-05;7,10;
1967-06;7,10;
1967-07;7,10;
1967-08;7,10;
1967-09;7,00;
1967-10;7,10;
1967-11;7,10;
1967-12;7,10;
1968-01;7,00;
1968-02;7,00;
1968-03;6,90;
1968-04;6,90;
1968-05;6,70;
1968-06;6,70;
1968-07;6,60;
1968-08;6,50;
1968-09;6,50;
1968-10;6,50;
1968-11;6,60;
1968-12;6,50;
1969-01;6,50;
1969-02;6,50;
1969-03;6,70;
1969-04;6,80;
1969-05;6,70;
1969-06;7,00;
1969-07;7,20;
1969-08;7,10;
1969-09;7,30;
1969-10;7,40;
1969-11;7,40;
1969-12;7,80;
1970-01;7,80;
1970-02;7,80;
1970-03;8,20;
1970-04;8,20;
1970-05;8,70;
1970-06;9,00;
1970-07;8,80;
1970-08;8,50;
1970-09;8,60;
1970-10;8,90;
1970-11;8,90;
1970-12;8,40;
1971-01;7,80;
1971-02;7,80;
1971-03;8,00;
1971-04;8,00;
1971-05;8,10;
1971-06;8,30;
1971-07;8,50;
1971-08;8,50;
1971-09;8,30;
1971-10;8,20;
1971-11;8,20;
1971-12;8,20;
1972-01;7,90;
1972-02;7,60;
1972-03;7,70;
1972-04;7,90;
1972-05;8,10;
1972-06;8,20;
1972-07;8,20;
1972-08;8,00;
1972-09;8,00;
1972-10;8,20;
1972-11;8,50;
1972-12;8,70;
1973-01;8,90;
1973-02;8,80;
1973-03;8,70;
1973-04;9,00;
1973-05;9,80;
1973-06;10,50;
1973-07;10,60;
1973-08;10,50;
1973-09;10,10;
1973-10;10,20;
1973-11;9,90;
1973-12;10,10;
1974-01;10,10;
1974-02;10,50;
1974-03;11,40;
1974-04;11,40;
1974-05;11,40;
1974-06;11,40;
1974-07;11,40;
1974-08;11,30;
1974-09;11,40;
1974-10;11,40;
1974-11;11,10;
1974-12;10,50;
1975-01;9,90;
1975-02;9,40;
1975-03;9,30;
1975-04;9,20;
1975-05;8,90;
1975-06;8,70;
1975-07;8,90;
1975-08;9,10;
1975-09;9,20;
1975-10;9,10;
1975-11;9,00;
1975-12;8,90;
1976-01;8,60;
1976-02;8,30;
1976-03;7,90;
1976-04;7,90;
1976-05;8,20;
1976-06;8,40;
1976-07;8,50;
1976-08;8,40;
1976-09;8,20;
1976-10;8,10;
1976-11;7,70;
1976-12;7,60;
1977-01;7,40;
1977-02;7,30;
1977-03;7,20;
1977-04;6,80;
1977-05;6,80;
1977-06;6,70;
1977-07;6,60;
1977-08;6,50;
1977-09;6,50;
1977-10;6,50;
1977-11;6,50;
1977-12;6,40;
1978-01;6,30;
1978-02;6,30;
1978-03;6,40;
1978-04;6,50;
1978-05;6,60;
1978-06;6,60;
1978-07;6,70;
1978-08;6,80;
1978-09;6,70;
1978-10;6,70;
1978-11;6,80;
1978-12;6,80;
1979-01;6,80;
1979-02;6,97;
1979-03;7,04;
1979-04;7,25;
1979-05;7,67;
1979-06;7,96;
1979-07;7,96;
1979-08;7,75;
1979-09;7,81;
1979-10;7,98;
1979-11;8,42;
1979-12;8,22;
1980-01;8,26;
1980-02;8,51;
1980-03;9,63;
1980-04;9,98;
1980-05;9,35;
1980-06;8,85;
1980-07;8,39;
1980-08;8,12;
1980-09;8,47;
1980-10;8,76;
1980-11;9,31;
1980-12;9,46;
1981-01;9,48;
1981-02;10,00;
1981-03;10,97;
1981-04;10,89;
1981-05;11,46;
1981-06;11,70;
1981-07;11,69;
1981-08;11,78;
1981-09;11,85;
1981-10;11,31;
1981-11;10,99;
1981-12;10,49;
1982-01;10,39;
1982-02;10,19;
1982-03;9,89;
1982-04;9,35;
1982-05;9,12;
1982-06;9,28;
1982-07;9,46;
1982-08;9,45;
1982-09;9,27;
1982-10;8,89;
1982-11;8,49;
1982-12;8,16;
1983-01;7,89;
1983-02;7,73;
1983-03;7,52;
1983-04;7,30;
1983-05;7,37;
1983-06;7,89;
1983-07;8,01;
1983-08;8,14;
1983-09;8,32;
1983-10;8,26;
1983-11;8,26;
1983-12;8,26;
1984-01;8,26;
1984-02;8,02;
1984-03;8,01;
1984-04;7,95;
1984-05;7,96;
1984-06;8,01;
1984-07;8,04;
1984-08;7,95;
1984-09;7,69;
1984-10;7,54;
1984-11;7,34;
1984-12;7,21;
1985-01;7,16;
1985-02;7,24;
1985-03;7,33;
1985-04;7,32;
1985-05;7,13;
1985-06;7,11;
1985-07;7,07;
1985-08;6,87;
1985-09;6,76;
1985-10;6,91;
1985-11;6,95;
1985-12;6,88;
1986-01;6,84;
1986-02;6,75;
1986-03;6,67;
1986-04;6,59;
1986-05;6,42;
1986-06;6,46;
1986-07;6,56;
1986-08;6,39;
1986-09;6,26;
1986-10;6,37;
1986-11;6,59;
1986-12;6,54;
1987-01;6,50;
1987-02;6,37;
1987-03;6,59;
1987-04;6,49;
1987-05;6,44;
1987-06;6,52;
1987-07;6,61;
1987-08;6,66;
1987-09;6,80;
1987-10;7,05;
1987-11;6,83;
1987-12;6,74;
1988-01;6,69;
1988-02;6,66;
1988-03;6,62;
1988-04;6,60;
1988-05;6,79;
1988-06;6,80;
1988-07;6,76;
1988-08;6,95;
1988-09;6,89;
1988-10;6,74;
1988-11;6,63;
1988-12;6,76;
1989-01;6,78;
1989-02;6,92;
1989-03;7,09;
1989-04;7,12;
1989-05;7,19;
1989-06;7,26;
1989-07;7,12;
1989-08;6,92;
1989-09;7,01;
1989-10;7,59;
1989-11;7,84;
1989-12;7,88;
1990-01;7,89;
1990-02;8,53;
1990-03;9,18;
1990-04;9,07;
1990-05;9,21;
1990-06;9,13;
1990-07;9,05;
1990-08;9,05;
1990-09;9,17;
1990-10;9,29;
1990-11;9,33;
1990-12;9,18;
1991-01;9,35;
1991-02;9,07;
1991-03;8,74;
1991-04;8,71;
1991-05;8,66;
1991-06;8,58;
1991-07;9,28;
1991-08;9,02;
1991-09;8,94;
1991-10;8,91;
1991-11;8,91;
1991-12;8,88;
1992-01;8,84;
1992-02;8,59;
1992-03;8,61;
1992-04;8,71;
1992-05;8,86;
1992-06;9,14;
1992-07;9,25;
1992-08;9,34;
1992-09;9,03;
1992-10;8,50;
1992-11;8,25;
1992-12;7,86;
1993-01;7,47;
1993-02;7,40;
1993-03;7,04;
1993-04;7,00;
1993-05;7,06;
1993-06;7,15;
1993-07;7,06;
1993-08;6,73;
1993-09;6,64;
1993-10;6,41;
1993-11;6,32;
1993-12;6,21;
1994-01;6,31;
1994-02;6,41;
1994-03;6,50;
1994-04;6,70;
1994-05;6,86;
1994-06;7,03;
1994-07;7,13;
1994-08;7,17;
1994-09;7,45;
1994-10;7,58;
1994-11;7,49;
1994-12;7,67;
1995-01;7,93;
1995-02;7,69;
1995-03;7,39;
1995-04;7,21;
1995-05;7,05;
1995-06;6,84;
1995-07;6,85;
1995-08;6,72;
1995-09;6,49;
1995-10;6,36;
1995-11;6,03;
1995-12;5,68;
1996-01;5,60;
1996-02;5,78;
1996-03;6,29;
1996-04;6,20;
1996-05;6,17;
1996-06;6,23;
1996-07;6,12;
1996-08;5,98;
1996-09;5,72;
1996-10;5,43;
1996-11;5,38;
1996-12;5,25;
1997-01;5,18;
1997-02;4,99;
1997-03;5,12;
1997-04;5,19;
1997-05;5,07;
1997-06;5,02;
1997-07;4,92;
1997-08;5,13;
1997-09;5,14;
1997-10;5,41;
1997-11;5,56;
1997-12;5,37;
1998-01;5,11;
1998-02;4,96;
1998-03;4,92;
1998-04;4,99;
1998-05;5,45;
1998-06;5,35;
1998-07;5,29;
1998-08;4,96;
1998-09;4,81;
1998-10;4,67;
1998-11;4,73;
1998-12;4,73;
1999-01;4,39;
1999-02;4,42;
1999-03;4,51;
1999-04;4,38;
1999-05;4,40;
1999-06;4,74;
1999-07;4,99;
1999-08;5,33;
1999-09;5,41;
1999-10;5,77;
1999-11;5,80;
1999-12;5,76;
2000-01;6,03;
2000-02;6,16;
2000-03;6,17;
2000-04;6,12;
2000-05;6,36;
2000-06;6,22;
2000-07;6,28;
2000-08;6,37;
2000-09;6,40;
2000-10;6,28;
2000-11;6,22;
2000-12;6,01;
2001-01;5,84;
2001-02;5,83;
2001-03;5,81;
2001-04;5,83;
2001-05;5,90;
2001-06;5,80;
2001-07;5,80;
2001-08;5,62;
2001-09;5,58;
2001-10;6,06;
2001-11;6,07;
2001-12;6,47;
2002-01;6,36;
2002-02;6,40;
2002-03;5,85;
2002-04;5,85;
2002-05;5,89;
2002-06;5,94;
2002-07;5,82;
2002-08;5,84;
2002-09;5,89;
2002-10;6,01;
2002-11;6,14;
2002-12;5,91;
2003-01;5,72;
2003-02;6,07;
2003-03;6,48;
2003-04;5,45;
2003-05;4,91;
2003-06;4,51;
2003-07;4,46;
2003-08;4,41;
2003-09;4,46;
2003-10;4,36;
2003-11;4,40;
2003-12;4,31;
2004-01;4,10;
2004-02;4,00;
2004-03;3,79;
2004-04;3,80;
2004-05;3,99;
2004-06;4,02;
2004-07;3,88;
2004-08;3,71;
2004-09;4,48;
2004-10;4,29;
2004-11;4,00;
2004-12;3,91;
2005-01;3,87;
2005-02;3,94;
2005-03;4,09;
2005-04;3,93;
2005-05;3,77;
2005-06;3,57;
2005-07;3,46;
2005-08;3,46;
2005-09;3,30;
2005-10;3,48;
2005-11;3,70;
2005-12;3,65;
2006-01;3,68;
2006-02;3,81;
2006-03;4,02;
2006-04;4,26;
2006-05;4,29;
2006-06;4,31;
2006-07;4,37;
2006-08;4,24;
2006-09;4,13;
2006-10;4,22;
2006-11;4,21;
2006-12;4,29;
2007-01;4,47;
2007-02;4,48;
2007-03;4,39;
2007-04;4,58;
2007-05;4,69;
2007-06;4,95;
2007-07;5,51;
2007-08;5,51;
2007-09;5,59;
2007-10;5,50;
2007-11;5,26;
2007-12;5,50;
2008-01;5,49;
2008-02;5,53;
2008-03;5,50;
2008-04;5,90;
2008-05;5,89;
2008-06;6,28;
2008-07;6,42;
2008-08;6,13;
2008-09;6,41;
2008-10;7,60;
2008-11;7,23;
2008-12;6,94;
2009-01;6,53;
2009-02;6,22;
2009-03;6,47;
2009-04;6,28;
2009-05;6,23;
2009-06;6,21;
2009-07;5,22;
2009-08;4,67;
2009-09;4,76;
2009-10;4,70;
2009-11;4,42;
2009-12;4,76;
2010-01;4,35;
2010-02;4,42;
2010-03;4,24;
2010-04;4,27;
2010-05;4,34;
2010-06;4,41;
2010-07;4,05;
2010-08;3,75;
2010-09;3,67;
2010-10;3,48;
2010-11;3,56;
2010-12;3,79;
2011-01;3,86;
2011-02;4,01;
2011-03;3,95;
2011-04;4,08;
2011-05;4,23;
2011-06;4,17;
2011-07;4,16;
2011-08;4,38;
2011-09;4,55;
2011-10;4,62;
2011-11;4,44;
2011-12;4,56;
2012-01;4,33;
2012-02;4,00;
2012-03;3,97;
2012-04;3,89;
2012-05;3,80;
2012-06;3,48;
2012-07;3,04;
2012-08;3,63;
2012-09;3,94;
2012-10;3,80;
2012-11;3,57;
2012-12;3,34;
2013-01;3,39;
2013-02;3,31;
2013-03;3,07;
2013-04;3,00;
2013-05;2,85;
2013-06;3,24;
2013-07;3,38;
2013-08;3,46;
2013-09;3,85;
2013-10;3,75;
2013-11;3,61;
2013-12;3,50;
2014-01;3,41;
2014-02;3,38;
2014-03;3,39;
2014-04;3,33;
2014-05;3,15;
2014-06;3,00;
2014-07;2,78;
2014-08;2,74;
2014-09;2,65;
2014-10;2,58;
2014-11;2,47;
2014-12;2,41;
2015-01;2,32;
2015-02;2,20;
2015-03;2,14;
2015-04;2,04;
2015-05;2,22;
2015-06;2,40;
2015-07;2,40;
2015-08;2,38;
2015-09;2,73;
2015-10;2,83;
2015-11;2,76;
2015-12;2,70;
2016-01;2,78;
2016-02;2,78;
2016-03;2,42;
2016-04;2,16;
2016-05;2,14;
2016-06;2,01;
2016-07;1,73;
2016-08;1,59;
2016-09;1,59;
2016-10;1,65;
2016-11;1,98;
2016-12;2,00;
2017-01;1,96;
2017-02;1,87;
2017-03;1,90;
2017-04;1,76;
2017-05;1,69;
2017-06;1,67;
2017-07;1,72;
2017-08;1,64;
2017-09;1,67;
2017-10;1,61;
2017-11;1,62;
2017-12;1,69;
2018-01;1,82;
2018-02;2,13;
2018-03;2,13;
2018-04;2,29;
2018-05;2,28;
2018-06;2,36;
2018-07;2,52;
2018-08;2,49;
2018-09;2,70;
2018-10;2,84;
2018-11;3,02;
2018-12;3,31;
2019-01;3,30;
2019-02;3,03;
2019-03;2,75;
2019-04;2,58;
2019-05;2,56;
2019-06;2,52;
2019-07;2,36;
2019-08;2,25;
2019-09;2,32;
2019-10;2,39;
2019-11;2,22;
2019-12;2,06;
2020-01;1,96;
2020-02;1,83;
2020-03;3,52;
2020-04;3,70;
2020-05;2,03;
2020-06;1,56;
2020-07;1,34;
2020-08;1,15;
2020-09;1,15;
2020-10;1,05;
2020-11;0,90;
2020-12;0,80;
2021-01;0,80;
2021-02;0,87;
2021-03;0,92;
2021-04;0,90;
2021-05;0,95;
2021-06;0,96;
2021-07;0,86;
2021-08;0,75;
2021-09;0,87;
2021-10;1,00;
2021-11;0,97;
2021-12;0,98;
2022-01;1,16;
2022-02;1,70;
2022-03;2,07;
2022-04;2,49;
2022-05;3,02;
2022-06;3,81;
2022-07;3,73;
2022-08;3,35;
2022-09;4,30;
2022-10;4,88;
2022-11;4,41;
2022-12;4,18;
2023-01;4,15;
2023-02;4,15;
2023-03;4,39;
2023-04;4,19;
2023-05;4,17;
2023-06;4,24;
2023-07;4,25;
2023-08;4,27;
2023-09;4,39;
2023-10;4,56;
2023-11;4,23;
2023-12;3,63;
2024-01;3,67;
2024-02;3,74;
2024-03;3,73;
2024-04;3,74;
2024-05;3,84;
2024-06;3,87;
2024-07;3,74;
2024-08;3,58;
2024-09;3,53;
2024-10;3,49;
2024-11;3,52;
2024-12;3,40;
2025-01;3,67;
2025-02;3,49;
2025-03;3,72;
2025-04;3,73;
2025-05;3,61;
2025-06;3,52;
2025-07;3,48;
2025-08;3,49;
2025-09;3,54;
